{"StreamConfig":{},"State":{"Running":true,"Paused":false,"Restarting":false,"OOMKilled":false,"RemovalInProgress":false,"Dead":false,"Pid":2668,"ExitCode":0,"Error":"","StartedAt":"2024-10-24T01:28:35.657350885Z","FinishedAt":"2024-10-23T12:23:50.358337656Z","Health":null},"ID":"95ea667d0a7014cbadfcb952915e9475d6b365425eb761112fa8118fa37ed4f8","Created":"2024-10-22T00:57:26.948051496Z","Managed":false,"Path":"/usr/bin/tini","Args":["--","/usr/local/bin/jenkins.sh"],"Config":{"Hostname":"jenkins","Domainname":"","User":"jenkins","AttachStdin":false,"AttachStdout":false,"AttachStderr":false,"ExposedPorts":{"22/tcp":{},"50000/tcp":{},"8080/tcp":{}},"Tty":true,"OpenStdin":true,"StdinOnce":false,"Env":["PATH=/opt/java/openjdk/bin:/usr/local/sbin:/usr/local/bin:/usr/sbin:/usr/bin:/sbin:/bin","LANG=C.UTF-8","JENKINS_HOME=/var/jenkins_home","JENKINS_SLAVE_AGENT_PORT=50000","REF=/usr/share/jenkins/ref","JENKINS_VERSION=2.481","JENKINS_UC=https://updates.jenkins.io","JENKINS_UC_EXPERIMENTAL=https://updates.jenkins.io/experimental","JENKINS_INCREMENTALS_REPO_MIRROR=https://repo.jenkins-ci.org/incrementals","COPY_REFERENCE_FILE_LOG=/var/jenkins_home/copy_reference_file.log","JAVA_HOME=/opt/java/openjdk"],"Cmd":null,"Image":"jenkins/jenkins","Volumes":{"/var/jenkins_home":{}},"WorkingDir":"","Entrypoint":["/usr/bin/tini","--","/usr/local/bin/jenkins.sh"],"OnBuild":null,"Labels":{"org.opencontainers.image.description":"The Jenkins Continuous Integration and Delivery server","org.opencontainers.image.licenses":"MIT","org.opencontainers.image.revision":"7c0ccae88960916d6abe6810df086f831ca2486f","org.opencontainers.image.source":"https://github.com/jenkinsci/docker","org.opencontainers.image.title":"Official Jenkins Docker image","org.opencontainers.image.url":"https://www.jenkins.io/","org.opencontainers.image.vendor":"Jenkins project","org.opencontainers.image.version":"2.481"}},"Image":"sha256:f78b5b90f20c751402aee62cca2342ed20abb9af0d06e45cdc666918ad9f9a00","ImageManifest":null,"NetworkSettings":{"Bridge":"","SandboxID":"1a3dbe1f32e79f19ab85daf6d6eea5abf343aa43e16d14d56c2ffea66facf131","SandboxKey":"/var/run/docker/netns/1a3dbe1f32e7","HairpinMode":false,"LinkLocalIPv6Address":"","LinkLocalIPv6PrefixLen":0,"Networks":{"bridge":{"IPAMConfig":null,"Links":null,"Aliases":null,"MacAddress":"02:42:ac:11:00:02","DriverOpts":null,"NetworkID":"5c8ea3e8e012c09bb63b5ee50b7670b0d9c8e101dece823230c35cc7f8f3be12","EndpointID":"a4b038a4f32f3ed5ed0edd3179d8630630f81e4e47434989904416af3c0ec95e","Gateway":"172.17.0.1","IPAddress":"172.17.0.2","IPPrefixLen":16,"IPv6Gateway":"","GlobalIPv6Address":"","GlobalIPv6PrefixLen":0,"DNSNames":null,"IPAMOperational":false,"DesiredMacAddress":""}},"Service":null,"Ports":{"22/tcp":[{"HostIp":"0.0.0.0","HostPort":"50022"},{"HostIp":"::","HostPort":"50022"}],"50000/tcp":[{"HostIp":"0.0.0.0","HostPort":"50000"},{"HostIp":"::","HostPort":"50000"}],"8080/tcp":[{"HostIp":"0.0.0.0","HostPort":"8080"},{"HostIp":"::","HostPort":"8080"}]},"SecondaryIPAddresses":null,"SecondaryIPv6Addresses":null,"HasSwarmEndpoint":false},"LogPath":"/var/lib/docker/containers/95ea667d0a7014cbadfcb952915e9475d6b365425eb761112fa8118fa37ed4f8/95ea667d0a7014cbadfcb952915e9475d6b365425eb761112fa8118fa37ed4f8-json.log","Name":"/jenkins-server","Driver":"overlay2","OS":"linux","RestartCount":0,"HasBeenStartedBefore":true,"HasBeenManuallyStopped":false,"MountPoints":{"/var/jenkins_home":{"Source":"/var/lib/docker/volumes/jenkins_home/_data","Destination":"/var/jenkins_home","RW":true,"Name":"jenkins_home","Driver":"local","Type":"volume","Relabel":"z","ID":"21e10c5c30582dac86f0e9e8841e47496ce279cf79ab645b3bf6015e670044e2","Spec":{"Type":"volume","Source":"jenkins_home","Target":"/var/jenkins_home"},"SkipMountpointCreation":false}},"SecretReferences":null,"ConfigReferences":null,"MountLabel":"","ProcessLabel":"","AppArmorProfile":"unconfined","SeccompProfile":"","NoNewPrivileges":false,"HostnamePath":"/var/lib/docker/containers/95ea667d0a7014cbadfcb952915e9475d6b365425eb761112fa8118fa37ed4f8/hostname","HostsPath":"/var/lib/docker/containers/95ea667d0a7014cbadfcb952915e9475d6b365425eb761112fa8118fa37ed4f8/hosts","ShmPath":"","ResolvConfPath":"/var/lib/docker/containers/95ea667d0a7014cbadfcb952915e9475d6b365425eb761112fa8118fa37ed4f8/resolv.conf","LocalLogCacheMeta":{"HaveNotifyEnabled":false}}
